mean discharge (mol/yr),5th percentile (mol/yr),95th percentile (mol/yr)
1561869.021388261,1035385.8891146131,2778584.4724114346
