,alpha,beta
mean,0.937,3.3824150458837155e-05
st.dev,0.073,2.472456180878255e-06
